use DuAn1

-- Bảng vaiTro
INSERT INTO vaiTro (id, ma, ngayTao, ngaySua, trangThai)
VALUES
   ('7E90870D-89E3-4AEB-9130-176566081D76', 'VT001', '2023-07-12', '2023-07-12', 1),
   ('8A2F1EBD-C1AA-46C4-A7E3-35A1337A60E4', 'VT002', '2023-07-12', '2023-07-12', 1),
   ('FF9F0D7B-41EF-482A-9E84-2B81E7AA6E29', 'VT003', '2023-07-12', '2023-07-12', 1),
   ('A8E62E50-9CEA-4B0C-A3C3-91C3B5C3A35D', 'VT004', '2023-07-12', '2023-07-12', 1),
   ('B387B2D6-3E7F-4F7A-B7DF-32D21A47C3E9', 'VT005', '2023-07-12', '2023-07-12', 1);

-- Bảng taiKhoan
INSERT INTO taiKhoan (id, ma, ngayTao, ngaySua, taiKhoan, matKhau, trangThai)
VALUES
   ('7E90870D-89E3-4AEB-9130-176566081D76', 'TK001', '2023-07-12', '2023-07-12', 'tai_khoan_1', 'mat_khau_1', 1),
   ('8A2F1EBD-C1AA-46C4-A7E3-35A1337A60E4', 'TK002', '2023-07-12', '2023-07-12', 'tai_khoan_2', 'mat_khau_2', 1),
   ('FF9F0D7B-41EF-482A-9E84-2B81E7AA6E29', 'TK003', '2023-07-12', '2023-07-12', 'tai_khoan_3', 'mat_khau_3', 1),
   ('A8E62E50-9CEA-4B0C-A3C3-91C3B5C3A35D', 'TK004', '2023-07-12', '2023-07-12', 'tai_khoan_4', 'mat_khau_4', 1),
   ('B387B2D6-3E7F-4F7A-B7DF-32D21A47C3E9', 'TK005', '2023-07-12', '2023-07-12', 'tai_khoan_5', 'mat_khau_5', 1);

-- Bảng taiKhoanVaiTro
INSERT INTO taiKhoanVaiTro (idVaiTro, idTaiKhoan)
VALUES
   ('7E90870D-89E3-4AEB-9130-176566081D76', '7E90870D-89E3-4AEB-9130-176566081D76'),
   ('8A2F1EBD-C1AA-46C4-A7E3-35A1337A60E4', '8A2F1EBD-C1AA-46C4-A7E3-35A1337A60E4'),
   ('FF9F0D7B-41EF-482A-9E84-2B81E7AA6E29', 'FF9F0D7B-41EF-482A-9E84-2B81E7AA6E29'),
   ('A8E62E50-9CEA-4B0C-A3C3-91C3B5C3A35D', 'A8E62E50-9CEA-4B0C-A3C3-91C3B5C3A35D'),
   ('B387B2D6-3E7F-4F7A-B7DF-32D21A47C3E9', 'B387B2D6-3E7F-4F7A-B7DF-32D21A47C3E9');

-- Bảng NhanVien
INSERT INTO NhanVien (id, maNV, tenNV, tuoi, diaChi, email, gioiTinh, soDienThoai, ngayTao, ngaySua, trangThai, idKho)
VALUES
   ('7E90870D-89E3-4AEB-9130-176566081D76', 'NV001', 'Nhân viên 1', 25, 'Địa chỉ 1', 'email1@example.com', 1, '1234567890', '2023-07-12', '2023-07-12', 1, '7E90870D-89E3-4AEB-9130-176566081D76'),
   ('8A2F1EBD-C1AA-46C4-A7E3-35A1337A60E4', 'NV002', 'Nhân viên 2', 26, 'Địa chỉ 2', 'email2@example.com', 0, '0987654321', '2023-07-12', '2023-07-12', 1, '8A2F1EBD-C1AA-46C4-A7E3-35A1337A60E4'),
   ('FF9F0D7B-41EF-482A-9E84-2B81E7AA6E29', 'NV003', 'Nhân viên 3', 27, 'Địa chỉ 3', 'email3@example.com', 1, '111222333', '2023-07-12', '2023-07-12', 1, 'FF9F0D7B-41EF-482A-9E84-2B81E7AA6E29'),
   ('A8E62E50-9CEA-4B0C-A3C3-91C3B5C3A35D', 'NV004', 'Nhân viên 4', 28, 'Địa chỉ 4', 'email4@example.com', 0, '444555666', '2023-07-12', '2023-07-12', 1, 'A8E62E50-9CEA-4B0C-A3C3-91C3B5C3A35D'),
   ('B387B2D6-3E7F-4F7A-B7DF-32D21A47C3E9', 'NV005', 'Nhân viên 5', 29, 'Địa chỉ 5', 'email5@example.com', 1, '777888999', '2023-07-12', '2023-07-12', 1, 'B387B2D6-3E7F-4F7A-B7DF-32D21A47C3E9');

-- Bảng baoCao
INSERT INTO baoCao (id, maBC, noiDung, ten, ngayTao, ngaySua, doanhThu, trangThai, idNV, idCuaHang)
VALUES
   ('7E90870D-89E3-4AEB-9130-176566081D76', 'BC001', 'Nội dung báo cáo 1', 'Báo cáo 1', '2023-07-12', '2023-07-12', 100.00, 1, '7E90870D-89E3-4AEB-9130-176566081D76', '7E90870D-89E3-4AEB-9130-176566081D76'),
   ('8A2F1EBD-C1AA-46C4-A7E3-35A1337A60E4', 'BC002', 'Nội dung báo cáo 2', 'Báo cáo 2', '2023-07-12', '2023-07-12', 200.00, 1, '8A2F1EBD-C1AA-46C4-A7E3-35A1337A60E4', '8A2F1EBD-C1AA-46C4-A7E3-35A1337A60E4'),
   ('FF9F0D7B-41EF-482A-9E84-2B81E7AA6E29', 'BC003', 'Nội dung báo cáo 3', 'Báo cáo 3', '2023-07-12', '2023-07-12', 300.00, 1, 'FF9F0D7B-41EF-482A-9E84-2B81E7AA6E29', 'FF9F0D7B-41EF-482A-9E84-2B81E7AA6E29'),
   ('A8E62E50-9CEA-4B0C-A3C3-91C3B5C3A35D', 'BC004', 'Nội dung báo cáo 4', 'Báo cáo 4', '2023-07-12', '2023-07-12', 400.00, 1, 'A8E62E50-9CEA-4B0C-A3C3-91C3B5C3A35D', 'A8E62E50-9CEA-4B0C-A3C3-91C3B5C3A35D'),
   ('B387B2D6-3E7F-4F7A-B7DF-32D21A47C3E9', 'BC005', 'Nội dung báo cáo 5', 'Báo cáo 5', '2023-07-12', '2023-07-12', 500.00, 1, 'B387B2D6-3E7F-4F7A-B7DF-32D21A47C3E9', 'B387B2D6-3E7F-4F7A-B7DF-32D21A47C3E9');

-- Bảng kho
INSERT INTO kho (id, ma, tenKho, ngayTao, ngaySua, diaChi, trangThai, idPhieuNhap)
VALUES
   ('7E90870D-89E3-4AEB-9130-176566081D76', 'K001', 'Kho 1', '2023-07-12', '2023-07-12', 'Địa chỉ kho 1', 1, '7E90870D-89E3-4AEB-9130-176566081D76'),
   ('8A2F1EBD-C1AA-46C4-A7E3-35A1337A60E4', 'K002', 'Kho 2', '2023-07-12', '2023-07-12', 'Địa chỉ kho 2', 1, '8A2F1EBD-C1AA-46C4-A7E3-35A1337A60E4'),
   ('FF9F0D7B-41EF-482A-9E84-2B81E7AA6E29', 'K003', 'Kho 3', '2023-07-12', '2023-07-12', 'Địa chỉ kho 3', 1, 'FF9F0D7B-41EF-482A-9E84-2B81E7AA6E29'),
   ('A8E62E50-9CEA-4B0C-A3C3-91C3B5C3A35D', 'K004', 'Kho 4', '2023-07-12', '2023-07-12', 'Địa chỉ kho 4', 1, 'A8E62E50-9CEA-4B0C-A3C3-91C3B5C3A35D'),
   ('B387B2D6-3E7F-4F7A-B7DF-32D21A47C3E9', 'K005', 'Kho 5', '2023-07-12', '2023-07-12', 'Địa chỉ kho 5', 1, 'B387B2D6-3E7F-4F7A-B7DF-32D21A47C3E9');

-- Bảng phieuXuat
INSERT INTO phieuXuat (id, ma, ngayTao, ngaySua, DonViTinh, trangThai, idKho)
VALUES
   ('7E90870D-89E3-4AEB-9130-176566081D76', 'PX001', '2023-07-12', '2023-07-12', 'Đơn vị 1', 1, '7E90870D-89E3-4AEB-9130-176566081D76'),
   ('8A2F1EBD-C1AA-46C4-A7E3-35A1337A60E4', 'PX002', '2023-07-12', '2023-07-12', 'Đơn vị 2', 1, '8A2F1EBD-C1AA-46C4-A7E3-35A1337A60E4'),
   ('FF9F0D7B-41EF-482A-9E84-2B81E7AA6E29', 'PX003', '2023-07-12', '2023-07-12', 'Đơn vị 3', 1, 'FF9F0D7B-41EF-482A-9E84-2B81E7AA6E29'),
   ('A8E62E50-9CEA-4B0C-A3C3-91C3B5C3A35D', 'PX004', '2023-07-12', '2023-07-12', 'Đơn vị 4', 1, 'A8E62E50-9CEA-4B0C-A3C3-91C3B5C3A35D'),
   ('B387B2D6-3E7F-4F7A-B7DF-32D21A47C3E9', 'PX005', '2023-07-12', '2023-07-12', 'Đơn vị 5', 1, 'B387B2D6-3E7F-4F7A-B7DF-32D21A47C3E9');

-- Bảng phieuXuatChiTiet
INSERT INTO phieuXuatChiTiet (idPhieuXuat, idSanPham)
VALUES
   ('7E90870D-89E3-4AEB-9130-176566081D76', '7E90870D-89E3-4AEB-9130-176566081D76'),
   ('8A2F1EBD-C1AA-46C4-A7E3-35A1337A60E4', '8A2F1EBD-C1AA-46C4-A7E3-35A1337A60E4'),
   ('FF9F0D7B-41EF-482A-9E84-2B81E7AA6E29', 'FF9F0D7B-41EF-482A-9E84-2B81E7AA6E29'),
   ('A8E62E50-9CEA-4B0C-A3C3-91C3B5C3A35D', 'A8E62E50-9CEA-4B0C-A3C3-91C3B5C3A35D'),
   ('B387B2D6-3E7F-4F7A-B7DF-32D21A47C3E9', 'B387B2D6-3E7F-4F7A-B7DF-32D21A47C3E9');

-- Bảng phieuNhap
INSERT INTO phieuNhap (id, ma, ngayTao, ngaySua, DonViTinh, giaNhap, trangThai)
VALUES
   ('7E90870D-89E3-4AEB-9130-176566081D76', 'PN001', '2023-07-12', '2023-07-12', 'Đơn vị 1', 1000.00, 1),
   ('8A2F1EBD-C1AA-46C4-A7E3-35A1337A60E4', 'PN002', '2023-07-12', '2023-07-12', 'Đơn vị 2', 2000.00, 1),
   ('FF9F0D7B-41EF-482A-9E84-2B81E7AA6E29', 'PN003', '2023-07-12', '2023-07-12', 'Đơn vị 3', 3000.00, 1),
   ('A8E62E50-9CEA-4B0C-A3C3-91C3B5C3A35D', 'PN004', '2023-07-12', '2023-07-12', 'Đơn vị 4', 4000.00, 1),
   ('B387B2D6-3E7F-4F7A-B7DF-32D21A47C3E9', 'PN005', '2023-07-12', '2023-07-12', 'Đơn vị 5', 5000.00, 1);

-- Bảng phieuNhapChiTiet
INSERT INTO phieuNhapChiTiet (idPhieuNhap, idSanPham)
VALUES
   ('7E90870D-89E3-4AEB-9130-176566081D76', '7E90870D-89E3-4AEB-9130-176566081D76'),
   ('8A2F1EBD-C1AA-46C4-A7E3-35A1337A60E4', '8A2F1EBD-C1AA-46C4-A7E3-35A1337A60E4'),
   ('FF9F0D7B-41EF-482A-9E84-2B81E7AA6E29', 'FF9F0D7B-41EF-482A-9E84-2B81E7AA6E29'),
   ('A8E62E50-9CEA-4B0C-A3C3-91C3B5C3A35D', 'A8E62E50-9CEA-4B0C-A3C3-91C3B5C3A35D'),
   ('B387B2D6-3E7F-4F7A-B7DF-32D21A47C3E9', 'B387B2D6-3E7F-4F7A-B7DF-32D21A47C3E9');

-- Bảng khachHang
INSERT INTO khachHang (id, ma, tenKH, soDienThoai, ngayTao, ngaySua, trangThai)
VALUES
   ('7E90870D-89E3-4AEB-9130-176566081D76', 'KH001', 'Khách hàng 1', '1234567890', '2023-07-12', '2023-07-12', 1),
   ('8A2F1EBD-C1AA-46C4-A7E3-35A1337A60E4', 'KH002', 'Khách hàng 2', '0987654321', '2023-07-12', '2023-07-12', 1),
   ('FF9F0D7B-41EF-482A-9E84-2B81E7AA6E29', 'KH003', 'Khách hàng 3', '111222333', '2023-07-12', '2023-07-12', 1),
   ('A8E62E50-9CEA-4B0C-A3C3-91C3B5C3A35D', 'KH004', 'Khách hàng 4', '444555666', '2023-07-12', '2023-07-12', 1),
   ('B387B2D6-3E7F-4F7A-B7DF-32D21A47C3E9', 'KH005', 'Khách hàng 5', '777888999', '2023-07-12', '2023-07-12', 1);

-- Bảng cuaHang
INSERT INTO cuaHang (id, ma, ten, ngayTao, ngaySua, diaChi, idPhieuNhanHang, trangThai)
VALUES
   ('7E90870D-89E3-4AEB-9130-176566081D76', 'CH001', 'Cửa hàng 1', '2023-07-12', '2023-07-12', 'Địa chỉ cửa hàng 1', '7E90870D-89E3-4AEB-9130-176566081D76', 1),
   ('8A2F1EBD-C1AA-46C4-A7E3-35A1337A60E4', 'CH002', 'Cửa hàng 2', '2023-07-12', '2023-07-12', 'Địa chỉ cửa hàng 2', '8A2F1EBD-C1AA-46C4-A7E3-35A1337A60E4', 1),
   ('FF9F0D7B-41EF-482A-9E84-2B81E7AA6E29', 'CH003', 'Cửa hàng 3', '2023-07-12', '2023-07-12', 'Địa chỉ cửa hàng 3', 'FF9F0D7B-41EF-482A-9E84-2B81E7AA6E29', 1),
   ('A8E62E50-9CEA-4B0C-A3C3-91C3B5C3A35D', 'CH004', 'Cửa hàng 4', '2023-07-12', '2023-07-12', 'Địa chỉ cửa hàng 4', 'A8E62E50-9CEA-4B0C-A3C3-91C3B5C3A35D', 1),
   ('B387B2D6-3E7F-4F7A-B7DF-32D21A47C3E9', 'CH005', 'Cửa hàng 5', '2023-07-12', '2023-07-12', 'Địa chỉ cửa hàng 5', 'B387B2D6-3E7F-4F7A-B7DF-32D21A47C3E9', 1);

-- Bảng doanhThu
INSERT INTO doanhThu (idCH, ma, ngayTao, ngaySua, doanhThu)
VALUES
   ('7E90870D-89E3-4AEB-9130-176566081D76', 'DT001', '2023-07-12', '2023-07-12', 1000.00),
   ('8A2F1EBD-C1AA-46C4-A7E3-35A1337A60E4', 'DT002', '2023-07-12', '2023-07-12', 2000.00),
   ('FF9F0D7B-41EF-482A-9E84-2B81E7AA6E29', 'DT003', '2023-07-12', '2023-07-12', 3000.00),
   ('A8E62E50-9CEA-4B0C-A3C3-91C3B5C3A35D', 'DT004', '2023-07-12', '2023-07-12', 4000.00),
   ('B387B2D6-3E7F-4F7A-B7DF-32D21A47C3E9', 'DT005', '2023-07-12', '2023-07-12', 5000.00);

-- Bảng phieuNhanHang
INSERT INTO phieuNhanHang (id, ma, ngayTao, ngaySua, donViTinh, trangThai)
VALUES
   ('7E90870D-89E3-4AEB-9130-176566081D76', 'NH001', '2023-07-12', '2023-07-12', 'Đơn vị 1', 1),
   ('8A2F1EBD-C1AA-46C4-A7E3-35A1337A60E4', 'NH002', '2023-07-12', '2023-07-12', 'Đơn vị 2', 1),
   ('FF9F0D7B-41EF-482A-9E84-2B81E7AA6E29', 'NH003', '2023-07-12', '2023-07-12', 'Đơn vị 3', 1),
   ('A8E62E50-9CEA-4B0C-A3C3-91C3B5C3A35D', 'NH004', '2023-07-12', '2023-07-12', 'Đơn vị 4', 1),
   ('B387B2D6-3E7F-4F7A-B7DF-32D21A47C3E9', 'NH005', '2023-07-12', '2023-07-12', 'Đơn vị 5', 1);

-- Bảng nhanHangChitiet
INSERT INTO nhanHangChitiet (idPhieuNhan, idSanPham)
VALUES
   ('7E90870D-89E3-4AEB-9130-176566081D76', '7E90870D-89E3-4AEB-9130-176566081D76'),
   ('8A2F1EBD-C1AA-46C4-A7E3-35A1337A60E4', '8A2F1EBD-C1AA-46C4-A7E3-35A1337A60E4'),
   ('FF9F0D7B-41EF-482A-9E84-2B81E7AA6E29', 'FF9F0D7B-41EF-482A-9E84-2B81E7AA6E29'),
   ('A8E62E50-9CEA-4B0C-A3C3-91C3B5C3A35D', 'A8E62E50-9CEA-4B0C-A3C3-91C3B5C3A35D'),
   ('B387B2D6-3E7F-4F7A-B7DF-32D21A47C3E9', 'B387B2D6-3E7F-4F7A-B7DF-32D21A47C3E9');

-- Bảng sanPham
INSERT INTO sanPham (id, ma, ten, ngayTao, ngaySua, nguonGoc, giaGoc, ngaySX, hanSD, idDanhMuc, trangThai)
VALUES
   ('7E90870D-89E3-4AEB-9130-176566081D76', 'SP001', 'Sản phẩm 1', '2023-07-12', '2023-07-12', 'Nguồn gốc 1', 100.00, '2023-07-12', '2023-07-12', '7E90870D-89E3-4AEB-9130-176566081D76', 1),
   ('8A2F1EBD-C1AA-46C4-A7E3-35A1337A60E4', 'SP002', 'Sản phẩm 2', '2023-07-12', '2023-07-12', 'Nguồn gốc 2', 200.00, '2023-07-12', '2023-07-12', '8A2F1EBD-C1AA-46C4-A7E3-35A1337A60E4', 1),
   ('FF9F0D7B-41EF-482A-9E84-2B81E7AA6E29', 'SP003', 'Sản phẩm 3', '2023-07-12', '2023-07-12', 'Nguồn gốc 3', 300.00, '2023-07-12', '2023-07-12', 'FF9F0D7B-41EF-482A-9E84-2B81E7AA6E29', 1),
   ('A8E62E50-9CEA-4B0C-A3C3-91C3B5C3A35D', 'SP004', 'Sản phẩm 4', '2023-07-12', '2023-07-12', 'Nguồn gốc 4', 400.00, '2023-07-12', '2023-07-12', 'A8E62E50-9CEA-4B0C-A3C3-91C3B5C3A35D', 1),
   ('B387B2D6-3E7F-4F7A-B7DF-32D21A47C3E9', 'SP005', 'Sản phẩm 5', '2023-07-12', '2023-07-12', 'Nguồn gốc 5', 500.00, '2023-07-12', '2023-07-12', 'B387B2D6-3E7F-4F7A-B7DF-32D21A47C3E9', 1);

-- Bảng tonKho
INSERT INTO tonKho (id, ma, idSP, ngayTao, ngaySua, trangThai)
VALUES
   ('7E90870D-89E3-4AEB-9130-176566081D76', 'TK001', '7E90870D-89E3-4AEB-9130-176566081D76', '2023-07-12', '2023-07-12', 1),
   ('8A2F1EBD-C1AA-46C4-A7E3-35A1337A60E4', 'TK002', '8A2F1EBD-C1AA-46C4-A7E3-35A1337A60E4', '2023-07-12', '2023-07-12', 1),
   ('FF9F0D7B-41EF-482A-9E84-2B81E7AA6E29', 'TK003', 'FF9F0D7B-41EF-482A-9E84-2B81E7AA6E29', '2023-07-12', '2023-07-12', 1),
   ('A8E62E50-9CEA-4B0C-A3C3-91C3B5C3A35D', 'TK004', 'A8E62E50-9CEA-4B0C-A3C3-91C3B5C3A35D', '2023-07-12', '2023-07-12', 1),
   ('B387B2D6-3E7F-4F7A-B7DF-32D21A47C3E9', 'TK005', 'B387B2D6-3E7F-4F7A-B7DF-32D21A47C3E9', '2023-07-12', '2023-07-12', 1);

-- Bảng danhMuc
INSERT INTO danhMuc (id, ma, ten, ngayTao, ngaySua, trangThai)
VALUES
   ('7E90870D-89E3-4AEB-9130-176566081D76', 'DM001', 'Danh mục 1', '2023-07-12', '2023-07-12', 1),
   ('8A2F1EBD-C1AA-46C4-A7E3-35A1337A60E4', 'DM002', 'Danh mục 2', '2023-07-12', '2023-07-12', 1),
   ('FF9F0D7B-41EF-482A-9E84-2B81E7AA6E29', 'DM003', 'Danh mục 3', '2023-07-12', '2023-07-12', 1),
   ('A8E62E50-9CEA-4B0C-A3C3-91C3B5C3A35D', 'DM004', 'Danh mục 4', '2023-07-12', '2023-07-12', 1),
   ('B387B2D6-3E7F-4F7A-B7DF-32D21A47C3E9', 'DM005', 'Danh mục 5', '2023-07-12', '2023-07-12', 1);

-- Bảng gioHang
INSERT INTO gioHang (id, ma, ngayTao, ngaySua, idNV, idKH, idCH, trangThai)
VALUES
   ('7E90870D-89E3-4AEB-9130-176566081D76', 'GH001', '2023-07-12', '2023-07-12', '7E90870D-89E3-4AEB-9130-176566081D76', '7E90870D-89E3-4AEB-9130-176566081D76', '7E90870D-89E3-4AEB-9130-176566081D76', 1),
   ('8A2F1EBD-C1AA-46C4-A7E3-35A1337A60E4', 'GH002', '2023-07-12', '2023-07-12', '8A2F1EBD-C1AA-46C4-A7E3-35A1337A60E4', '8A2F1EBD-C1AA-46C4-A7E3-35A1337A60E4', '8A2F1EBD-C1AA-46C4-A7E3-35A1337A60E4', 1),
   ('FF9F0D7B-41EF-482A-9E84-2B81E7AA6E29', 'GH003', '2023-07-12', '2023-07-12', 'FF9F0D7B-41EF-482A-9E84-2B81E7AA6E29', 'FF9F0D7B-41EF-482A-9E84-2B81E7AA6E29', 'FF9F0D7B-41EF-482A-9E84-2B81E7AA6E29', 1),
   ('A8E62E50-9CEA-4B0C-A3C3-91C3B5C3A35D', 'GH004', '2023-07-12', '2023-07-12', 'A8E62E50-9CEA-4B0C-A3C3-91C3B5C3A35D', 'A8E62E50-9CEA-4B0C-A3C3-91C3B5C3A35D', 'A8E62E50-9CEA-4B0C-A3C3-91C3B5C3A35D', 1),
   ('B387B2D6-3E7F-4F7A-B7DF-32D21A47C3E9', 'GH005', '2023-07-12', '2023-07-12', 'B387B2D6-3E7F-4F7A-B7DF-32D21A47C3E9', 'B387B2D6-3E7F-4F7A-B7DF-32D21A47C3E9', 'B387B2D6-3E7F-4F7A-B7DF-32D21A47C3E9', 1);

-- Bảng gioHangChiTiet
INSERT INTO gioHangChiTiet (id, idGH, idSP, idHD, soLuong, giaBan, trangThai)
VALUES
   ('7E90870D-89E3-4AEB-9130-176566081D76', '7E90870D-89E3-4AEB-9130-176566081D76', '7E90870D-89E3-4AEB-9130-176566081D76', '7E90870D-89E3-4AEB-9130-176566081D76', 5, 100.00, 1),
   ('8A2F1EBD-C1AA-46C4-A7E3-35A1337A60E4', '8A2F1EBD-C1AA-46C4-A7E3-35A1337A60E4', '8A2F1EBD-C1AA-46C4-A7E3-35A1337A60E4', '8A2F1EBD-C1AA-46C4-A7E3-35A1337A60E4', 10, 200.00, 1),
   ('FF9F0D7B-41EF-482A-9E84-2B81E7AA6E29', 'FF9F0D7B-41EF-482A-9E84-2B81E7AA6E29', 'FF9F0D7B-41EF-482A-9E84-2B81E7AA6E29', 'FF9F0D7B-41EF-482A-9E84-2B81E7AA6E29', 15, 300.00, 1),
   ('A8E62E50-9CEA-4B0C-A3C3-91C3B5C3A35D', 'A8E62E50-9CEA-4B0C-A3C3-91C3B5C3A35D', 'A8E62E50-9CEA-4B0C-A3C3-91C3B5C3A35D', 'A8E62E50-9CEA-4B0C-A3C3-91C3B5C3A35D', 20, 400.00, 1),
   ('B387B2D6-3E7F-4F7A-B7DF-32D21A47C3E9', 'B387B2D6-3E7F-4F7A-B7DF-32D21A47C3E9', 'B387B2D6-3E7F-4F7A-B7DF-32D21A47C3E9', 'B387B2D6-3E7F-4F7A-B7DF-32D21A47C3E9', 25, 500.00, 1);

-- Bảng HoaDon
INSERT INTO HoaDon (id, ma, ngayTao, ngaySua, trangThai)
VALUES
   ('7E90870D-89E3-4AEB-9130-176566081D76', 'HD001', '2023-07-12', '2023-07-12', 1),
   ('8A2F1EBD-C1AA-46C4-A7E3-35A1337A60E4', 'HD002', '2023-07-12', '2023-07-12', 1),
   ('FF9F0D7B-41EF-482A-9E84-2B81E7AA6E29', 'HD003', '2023-07-12', '2023-07-12', 1),
   ('A8E62E50-9CEA-4B0C-A3C3-91C3B5C3A35D', 'HD004', '2023-07-12', '2023-07-12', 1),
   ('B387B2D6-3E7F-4F7A-B7DF-32D21A47C3E9', 'HD005', '2023-07-12', '2023-07-12', 1);

-- Bảng HoaDonChiTiet
INSERT INTO HoaDonChiTiet (id, ma, idHoaDon, ngayTao, ngaySua, tongTien, trangThai)
VALUES
   ('7E90870D-89E3-4AEB-9130-176566081D76', 'HDCT001', '7E90870D-89E3-4AEB-9130-176566081D76', '2023-07-12', '2023-07-12', 500.00, 1),
   ('8A2F1EBD-C1AA-46C4-A7E3-35A1337A60E4', 'HDCT002', '8A2F1EBD-C1AA-46C4-A7E3-35A1337A60E4', '2023-07-12', '2023-07-12', 1000.00, 1),
   ('FF9F0D7B-41EF-482A-9E84-2B81E7AA6E29', 'HDCT003', 'FF9F0D7B-41EF-482A-9E84-2B81E7AA6E29', '2023-07-12', '2023-07-12', 1500.00, 1),
   ('A8E62E50-9CEA-4B0C-A3C3-91C3B5C3A35D', 'HDCT004', 'A8E62E50-9CEA-4B0C-A3C3-91C3B5C3A35D', '2023-07-12', '2023-07-12', 2000.00, 1),
   ('B387B2D6-3E7F-4F7A-B7DF-32D21A47C3E9', 'HDCT005', 'B387B2D6-3E7F-4F7A-B7DF-32D21A47C3E9', '2023-07-12', '2023-07-12', 2500.00, 1);



